,maturity,PV,DV01,Duration
0,1,104.3142606333138,0.08189693718492208,7.850981897173845
1,2,104.32954628650752,0.08191128155061733,7.851206534117801
2,3,104.34304688527781,0.08192395104487105,7.851404908172184
3,4,104.357412563386,0.08193743261131203,7.851615960825377
4,5,104.37054050873702,0.08194975287665329,7.8518088032506785
5,6,104.38342761606285,0.08196184733151313,7.851998080862081
6,7,104.40084101954577,0.08197819000201889,7.852253794265035
7,8,104.40734586869544,0.08198429498804671,7.852349306068143
8,9,104.422965992938,0.08199895511751265,7.852578629404008
